time,cpu
1526343814,11
1526345675,11
1526347563,10
1526349258,10
1526351123,9
1526352867,8
1526354661,7
1526356374,7
1526358182,7
1526359971,6
1526361809,5
1526363572,5
1526365385,5
1526367213,5
1526368990,5
1526370991,5
1526372817,4
1526374381,4
1526376220,27
1526378006,27
1526379797,16
1526381605,13
1526383443,13
1526385445,13
1526387073,13
1526389161,13
1526390771,16
1526392439,17
1526396019,17
1526397844,16
1526399660,13
1526401472,13
1526403231,12
1526405019,11
1526406819,12
1526408596,13
1526410487,13
1526412277,11
1526414136,12
1526415845,13
1526417607,14
1526419493,15
1526421195,14
1526423014,11
1526424836,12
1526426572,14
1526428493,13
1526430227,14
1526432019,16
1526433965,14
1526435646,13
1526437474,12
1526439176,12
1526441036,11
1526442726,11
1526444560,9
1526446345,8
1526448158,7
1526449986,7
1526451801,6
1526453890,6
1526455610,5
1526457250,5
1526459013,4
1526461014,4
1526462645,4
1526464583,4
1526466216,4
1526468296,5
1526469935,5
1526471614,4
1526473377,5
1526475193,5
1526476918,4
1526478769,8
1526480567,26
1526482408,26
1526484168,19
1526487755,13
1526489573,14
1526491424,13
1526493274,15
1526494931,16
1526496720,12
1526498554,15
1526500490,15
1526502182,18
1526504120,18
1526505872,12
1526507630,13
1526509359,13
1526511386,12
1526513259,13
1526514778,14
1526516634,19
1526518452,14
1526520483,13
1526522090,12
1526523810,12
1526525592,11
1526527339,10
1526529188,8
1526530932,7
1526532777,7
1526534518,6
1526536389,6
1526538148,5
1526539934,5
1526541782,5
1526543528,4
1526545325,5
1526548986,4
1526550768,4
1526552654,5
1526554365,5
1526556655,21
1526558065,28
1526559828,14
1526561608,13
1526563422,12
1526565431,12
1526567053,12
1526568772,15
1526570580,12
1526572360,12
1526574188,11
1526575974,17
1526577804,14
1526579627,13
1526583139,13
1526584936,13
1526586942,16
1526588680,13
1526590340,13
1526592176,13
1526593948,19
1526595734,18
1526597583,14
1526599498,12
1526601335,15
1526602968,13
1526604752,14
1526606732,16
1526608426,15
1526610156,12
1526611961,10
1526615528,9
1526617346,9
1526619390,8
1526620935,7
1526622792,6
1526624637,6
1526626354,6
1526628393,5
1526630202,4
1526631832,4
1526633558,4
1526635444,4
1526637380,4
1526639083,4
1526640846,4
1526642672,4
1526644569,4
1526646268,4
1526648027,10
1526650017,30
1526651568,19
1526653456,14
1526655245,14
1526656948,13
1526658806,18
1526660978,14
1526662478,16
1526664141,14
1526665949,14
1526667729,17
1526669528,15
1526671360,13
1526673128,14
1526674929,15
1526676727,12
1526678542,11
1526680326,14
1526682140,13
1526683942,16
1526685714,15
1526687543,14
1526689405,13
1526691180,13
1526693072,14
1526694796,14
1526696549,14
1526698340,15
1526700129,16
1526701930,15
1526703745,13
1526705521,12
1526707364,12
1526709144,11
1526710932,10
1526712724,9
1526714566,9
1526716360,8
1526718114,7
1526719991,6
1526721793,6
1526723529,6
1526725327,5
1526727158,4
1526728948,4
1526730764,4
1526732586,4
1526734351,4
1526736177,4
1526737970,22
1526739757,50
1526741555,22
1526743354,17
1526746930,13
1526748737,12
1526750541,12
1526752327,12
1526754152,15
1526755915,11
1526757731,13
1526759503,16
1526761316,13
1526763122,13
1526766739,14
1526768538,11
1526770367,10
1526773943,25
1526775766,22
1526777581,14
1526779457,12
1526781207,13
1526783004,13
1526784739,13
1526786512,11
1526788316,11
1526790123,9
1526791929,8
1526793724,8
1526795517,8
1526797337,7
1526799122,7
1526800976,6
1526802762,5
1526804519,4
1526806342,4
1526808141,4
1526809938,4
1526811709,4
1526813620,4
1526815338,4
1526817154,4
1526818957,4
1526820758,4
1526822541,4
1526824341,4
1526826209,4
1526827925,4
1526829745,4
1526831525,4
1526833361,4
1526835146,4
1526836934,4
1526838817,4
1526840520,4
1526842346,4
1526844130,4
1526845924,4
1526847762,4
1526849526,4
1526851360,4
1526853124,4
1526854933,4
1526856725,4
1526858524,4
1526860339,4
1526862225,4
1526864006,4
1526865890,26
1526867663,26
1526869376,17
1526871180,14
1526872951,12
1526874759,11
1526876525,12
1526878350,12
1526880159,10
1526881992,8
1526883817,8
1526885640,8
1526887406,8
1526889292,7
1526891097,5
1526892843,5
1526894655,4
1526896464,5
1526898203,4
1526901793,5
1526903632,4
1526905408,4
1526907184,4
1526908999,4
1526910781,4
1526912566,4
1526914347,19
1526916144,23
1526917944,13
1526919743,12
1526921563,12
1526923322,13
1526925148,13
1526926953,11
1526930567,19
1526934153,13
1526935953,11
1526937739,11
1526939564,9
1526941340,8
1526943152,8
1526945005,7
1526946749,7
1526948590,7
1526950412,6
1526952184,5
1526954039,4
1526955870,5
1526957604,4
1526962966,4
1526964752,4
1526966570,8
1526968834,23
1526970274,16
1526972051,16
1526975664,13
1526977412,14
1526979201,16
1526981132,13
1526982824,14
1526984632,12
1526986420,17
1526988251,17
1526989996,13
1526991808,14
1526993802,12
1526995432,17
1526997279,18
1526999021,14
1527000837,11
1527002910,13
1527004488,14
1527006237,15
1527008017,12
1527009971,10
1527011574,13
1527013353,13
1527015192,12
1527016964,14
1527018840,13
1527020754,12
1527022407,11
1527024213,10
1527025986,12
1527027777,11
1527029589,11
1527031458,9
1527033404,8
1527035011,7
1527036851,7
1527038648,6
1527040427,19
1527042264,36
1527044001,24
1527045762,14
1527047542,13
1527049343,13
1527051190,12
1527052971,12
1527055028,11
1527056663,10
1527058370,9
1527060213,8
1527062043,6
1527063831,7
1527065621,6
1527067433,5
1527069297,4
1527070999,4
1527072967,4
1527074731,4
1527076385,4
1527078215,4
1527080005,4
1527081789,5
1527083789,5
1527085415,4
1527087232,4
1527088992,4
1527090871,4
1527092628,5
1527094495,4
1527096264,5
1527097985,4
1527099748,4
1527101565,4
1527103475,4
1527105175,4
1527106984,4
1527108774,4
1527110731,4
1527112702,4
1527114243,4
1527115981,4
1527117793,4
1527119595,4
1527121403,4
1527123215,4
1527125194,5
1527127067,5
1527128628,4
1527130421,13
1527132239,50
1527134022,23
1527135815,15
1527137683,13
1527139458,13
1527141255,14
1527143156,13
1527144891,13
1527146719,11
1527148636,10
1527150423,8
1527152185,8
1527153859,8
1527155862,7
1527157476,7
1527159399,5
1527161064,5
1527162858,4
1527164785,4
1527166875,5
1527168253,5
1527170039,5
1527171845,4
1527173610,4
1527175713,5
1527177312,4
1527179109,4
1527180840,4
1527182723,4
1527184700,4
1527186553,4
1527188048,4
1527189811,4
1527192661,4
1527193724,4
1527195239,4
1527198914,4
1527204239,4
1527205993,4
1527207791,5
1527209652,5
1527211647,4
1527213334,4
1527215158,4
1527216869,4
1527219007,5
1527220442,4
1527222226,4
1527224038,4
1527225918,4
1527227900,4
1527229450,4
1527231227,4
1527233056,4
1527234901,4
1527236656,5
1527238470,5
1527240444,4
1527242033,4
1527243862,4
1527245785,5
1527247517,4
1527249271,4
1527251096,4
1527252777,4
1527254570,4
1527256441,4
1527259961,4
1527261774,4
1527263574,5
1527265463,5
1527267450,4
1527269074,4
1527270804,4
1527272693,4
1527274600,4
1527276341,4
1527278060,4
1527279759,5
1527281589,4
1527283616,4
1527285579,4
1527287012,4
1527288770,4
1527290564,5
1527292363,4
1527294262,4
1527295988,5
1527297792,4
1527300002,4
1527301707,4
1527303256,4
1527305027,5
1527306816,4
1527308555,5
1527310353,4
1527312162,4
1527313947,4
1527315748,4
1527317649,4
1527319666,4
1527321194,5
1527322970,4
1527324776,4
1527326555,4
1527328373,5
1527330280,4
1527332160,4
1527333762,4
1527335601,4
1527337464,4
1527339165,4
1527341005,5
1527342915,4
1527344565,4
1527346366,4
1527348155,4
1527349949,4
1527351743,4
1527353560,4
1527355383,4
1527357157,4
1527358943,5
1527360766,4
1527362549,5
1527364333,4
1527366147,4
1527367956,5
1527369756,4
1527371536,4
1527373419,4
1527375163,4
1527376940,4
1527378771,4
1527687120,5
1527688439,5
1527690377,10
1527692059,24
1527693905,17
1527695940,15
1527697488,14
1527699314,13
1527701059,17
1527702925,15
1527705026,16
1527706604,13
1527708401,14
1527710140,15
1527712604,18
1527714264,16
1527715719,16
1527717261,18
1527719047,19
1527720816,15
1527722610,13
1527724546,14
1527726637,13
1527728431,11
1527729973,10
1527731763,9
1527733510,7
1527735227,7
1527737130,6
1527738905,5
1527742397,4
1527744202,4
1527746046,4
1527747863,4
1527749647,4
1527751453,4
1527753419,4
1527755350,4
1527756776,4
1527758683,4
1527760426,5
1527762203,4
1527764142,5
1527765859,4
1527767659,4
1527769503,4
1527771313,5
1527773325,4
1527774840,4
1527776616,5
1527778461,14
1527780702,35
1527782188,20
1527783821,19
1527787399,18
1527789655,18
1527791358,14
1527792913,16
1527794662,16
1527796681,14
1527798217,15
1527800011,17
1527801794,15
1527803598,15
1527805394,14
1527807171,13
1527808961,12
1527810776,11
1527812606,10
1527814429,8
1527816248,7
1527817978,6
1527819788,6
1527821609,5
1527823392,5
1527825155,4
1527826969,4
1527828791,4
1527830618,4
1527832475,4
1527834346,4
1527836016,4
1527837841,4
1527839655,4
1527841407,5
1527843214,4
1527844991,4
1527846932,4
1527848683,4
1527850698,4
1527852362,4
1527854161,4
1527855845,12
1527857778,30
1527859447,18
1527861281,15
1527863278,15
1527865040,12
1527866660,13
1527868418,11
1527870331,11
1527872154,12
1527873817,10
1527875617,9
1527877389,26
1527879176,20
1527881101,13
1527882846,17
1527884639,14
1527886424,15
1527888190,14
1527889987,15
1527891853,14
1527893580,14
1527895400,13
1527897198,15
1527899016,15
1527900811,14
1527902611,13
1527904384,12
1527906185,19
1527907938,16
1527909777,13
1527911590,12
1527913380,11
1527915179,10
1527916992,8
1527918781,8
1527920574,8
1527922375,7
1527924235,5
1527926058,5
1527927799,4
1527929577,5
1527931378,4
1527933195,4
1527934977,4
1527936845,4
1527938613,5
1527940398,4
1527942214,4
1527944032,4
1527945813,4
1527947614,4
1527949424,4
1527951197,4
1527953046,4
1527954784,4
1527956582,4
1527958378,4
1527960194,4
1527961996,4
1527963778,4
1527965635,4
1527967380,4
1527969190,4
1527970977,4
1527972785,4
1527974573,5
1527976373,4
1527978180,4
1527979973,4
1527981786,4
1527983562,4
1527985398,5
1527987212,4
1527989061,5
1527990761,4
1527992568,4
1527994362,4
1527996164,4
1527997968,4
1527999759,4
1528001564,4
1528003360,4
1528005172,4
1528006974,4
1528008780,4
1528010595,5
1528012403,4
1528014175,5
1528016033,5
1528017842,4
1528019608,4
1528021386,4
1528023201,5
1528025017,4
1528026799,4
1528028604,4
1528030410,4
1528032185,4
1528033984,4
1528035783,4
1528037579,4
1528039372,5
1528041173,4
1528042990,4
1528044794,4
1528046590,4
1528048391,4
1528050183,4
1528051985,4
1528053823,4
1528055597,5
1528057379,4
1528059192,4
1528061007,4
1528062810,4
1528064575,4
1528066362,4
1528068179,4
1528069976,4
1528071776,4
1528073577,4
1528075398,4
1528077183,4
1528079000,4
1528080798,4
1528082579,4
1528084357,4
1528086158,4
1528087972,4
1528089786,4
1528091612,4
1528093421,4
1528095233,4
1528097051,4
1528099084,4
1528100669,5
1528102459,5
1528104183,5
1528106437,4
1528108157,4
1528109728,4
1528111453,5
1528113298,5
1528115064,5
1528116841,4
1528118667,4
1528120668,5
1528122222,4
1528124028,4
1528125906,5
1528127657,4
1528129651,7
1528131293,13
1528133037,10
1528134814,18
1528136585,13
1528138429,17
1528140184,16
1528142027,13
1528143830,12
1528145631,11
1528147417,19
1528149232,14
1528150991,17
1528152840,13
1528154622,16
1528156407,13
1528158227,17
1528160013,13
1528161807,10
1528163606,10
1528165413,10
1528167231,9
1528169027,8
1528170831,7
1528172606,6
1528174459,6
1528176226,5
1528178053,4
1528179825,4
1528182030,4
1528183495,4
1528185256,5
1528187007,4
1528188864,4
1528190667,4
1528192432,4
1528194363,4
1528196108,4
1528197910,4
1528199661,4
1528201437,4
1528203247,4
1528205027,5
1528206941,4
1528208671,16
1528210519,29
1528212199,19
1528214089,15
1528215811,13
1528217614,13
1528219425,13
1528221198,13
1528222981,14
1528224775,12
1528226609,11
1528228388,14
1528230217,15
1528232057,13
1528233812,12
1528235629,13
1528237420,16
1528239197,17
1528240989,13
1528242792,12
1528244591,11
1528246402,11
1528248182,9
1528250007,8
1528251779,6
1528253605,5
1528255412,5
1528257185,5
1528258974,4
1528260772,4
1528262603,4
1528264440,5
1528266195,4
1528268087,4
1528269837,4
1528271642,4
1528273451,4
1528275216,4
1528276980,4
1528278822,4
1528280672,4
1528282416,4
1528284264,4
1528286018,4
1528287820,4
1528289654,4
1528291444,4
1528293384,13
1528295055,19
1528296862,13
1528300409,9
1528302260,9
1528304047,8
1528305827,7
1528307596,7
1528309385,6
1528311160,6
1528313102,5
1528314820,4
1528316621,4
1528318407,4
1528320215,4
1528322019,4
1528323802,4
1528325632,4
1528327413,5
1528329234,4
1528331017,4
1528332835,4
1528334648,5
1528336439,4
1528338231,4
1528340016,35
1528341809,25
1528343583,14
1528345408,13
1528347223,12
1528349059,12
1528350824,10
1528352691,10
1528354405,9
1528356261,8
1528358087,7
1528359833,7
1528361643,6
1528363655,6
1528365383,4
1528367036,4
1528368893,4
1528370699,4
1528372475,4
1528374270,4
1528376120,4
1528377849,5
1528379737,4
1528381426,4
1528383607,4
1528385074,4
1528386821,4
1528388648,4
1528390661,5
1528392246,4
1528394002,4
1528395816,4
1528397602,4
1528399404,4
1528401208,4
1528403041,4
1528404837,4
1528406601,5
1528408425,4
1528410219,4
1528411976,4
1528413795,4
1528415611,4
1528417368,4
1528419214,4
1528421069,4
1528422787,5
1528424623,4
1528426394,4
1528428150,5
1528429964,4
1528431779,4
1528433548,5
1528435361,5
1528437150,4
1528439003,4
1528440849,4
1528442709,5
1528444466,4
1528446186,4
1528448038,5
1528449866,5
1528451632,4
1528453590,4
1528455330,4
1528457047,4
1528458838,4
1528460701,4
1528462406,4
1528464273,5
1528466093,4
1528467878,5
1528469629,4
1528471440,8
1528473284,10
1528475012,14
1528476853,16
1528478643,13
1528480424,14
1528482212,15
1528484004,13
1528485820,11
1528487606,10
1528489443,10
1528491222,9
1528492967,8
1528494823,6
1528496631,6
1528498449,4
1528500229,5
1528502030,4
1528503849,16
1528505658,22
1528507458,14
1528509281,13
1528511032,13
1528512821,13
1528514613,13
1528516402,16
1528518204,14
1528520001,11
1528521795,10
1528523621,9
1528525397,8
1528527238,7
1528529046,6
1528530847,5
1528532607,5
1528534404,4
1528536237,4
1528538033,4
1528539792,4
1528541622,4
1528543456,4
1528545230,4
1528548835,34
1528550628,23
1528552402,16
1528554175,14
1528556042,14
1528557799,11
1528559613,10
1528561413,10
1528563203,9
1528565018,8
1528566827,6
1528568575,5
1528570464,5
1528572187,5
1528573984,4
1528575813,4
1528577623,4
1528579397,4
1528581289,4
1528583002,4
1528584794,4
1528586674,4
1528588406,4
1528590227,4
1528592043,4
1528593864,4
1528595620,4
1528597395,4
1528599176,4
1528600945,4
1528602744,4
1528604552,5
1528606348,5
1528608168,4
1528609958,4
1528611788,4
1528613616,4
1528615421,5
1528617229,4
1528619021,4
1528620787,4
1528622587,5
1528624411,5
1528626223,4
1528628068,4
1528629840,4
1528631625,4
1528633408,4
1528635231,4
1528637181,4
1528638804,4
1528640596,4
1528642431,5
1528644353,4
1528646168,4
1528647861,4
1528649620,4
1528651395,4
1528653188,4
1528654994,4
1528656798,4
1528658592,4
1528660377,5
1528662240,4
1528664025,4
1528665841,5
1528667641,4
1528669411,4
1528671452,4
1528673273,4
1528675053,4
1528676881,4
1528678681,4
1528680501,4
1528682282,5
1528684056,5
1528685692,4
1528687460,4
1528689292,5
1528691075,4
1528692830,4
1528694678,4
1528696463,5
1528698292,5
1528700333,5
1528701892,4
1528703798,5
1528705557,4
1528707336,4
1528709131,4
1528711000,4
1528712684,4
1528714478,4
1528716334,4
1528718239,5
1528720114,4
1528721771,4
1528723498,5
1528725276,4
1528727112,4
1528728968,4
1528730783,8
1528732722,23
1528734395,22
1528736088,15
1528738178,13
1528739974,13
1528741701,14
1528743483,12
1528745306,12
1528747234,11
1528748894,10
1528750722,9
1528752553,8
1528754369,8
1528756077,7
1528757884,6
1528759682,5
1528761464,5
1528763319,5
1528765048,4
1528766930,4
1528768629,4
1528770472,4
1528772287,4
1528773937,5
1528775636,4
1528777480,4
1528779307,4
1528781092,4
1528783108,4
1528784912,4
1528786610,4
1528788307,4
1528790374,4
1528792154,4
1528793950,5
1528795780,5
1528797673,4
1528799454,5
1528801241,5
1528803238,5
1528805008,4
1528806550,4
1528808337,4
1528810082,5
1528811886,5
1528814016,4
1528815462,5
1528817403,4
1528819222,5
1528820841,4
1528822653,4
1528824442,4
1528826213,4
1528828034,5
1528829850,4
1528831636,5
1528833456,4
1528835262,4
1528837141,4
1528839012,4
1528840656,4
1528842430,4
1528846092,5
1528847792,4
1528849646,4
1528851497,4
1528853272,4
1528855181,4
1528856850,5
1528858652,9
1528860426,18
1528862197,12
1528864020,10
1528865840,8
1528867638,8
1528869477,9
1528871297,8
1528873075,8
1528874885,8
1528876728,6
1528878555,6
1528880344,6
1528882331,5
1528884496,5
1528885689,4
1528887496,4
1528889336,4
1528891268,4
1528893198,4
1528894741,4
1528896459,4
1528898274,4
1528900074,17
1528901848,42
1528903783,18
1528905503,15
1528907231,14
1528909073,14
1528910844,15
1528912817,14
1528914490,13
1528916268,11
1528918183,10
1528919881,18
1528921696,28
1528923451,18
1528925263,14
1528927104,13
1528928826,12
1528930629,12
1528932495,13
1528934327,13
1528936103,13
1528937916,12
1528939711,18
1528941454,14
1528943322,13
1528945044,13
1528946833,13
1528948524,13
1528950429,18
1528954023,12
1528955835,15
1528957642,18
1528959500,19
1528961286,15
1528963149,17
1528964927,14
1529116161,4
1529117784,4
1529119580,4
1529121350,4
1529123174,4
1529124984,4
1529126769,4
1529128606,4
1529130358,4
1529132154,4
1529133983,4
1529135804,4
1529137593,4
1529139435,4
1529141255,4
1529143093,4
1529144853,4
1529146619,4
1529148451,4
1529150214,4
1529152020,4
1529153799,4
1529155597,4
1529157381,4
1529159172,4
1529160987,4
1529162862,4
1529164582,4
1529166399,4
1529168218,4
1529171803,4
1529173589,4
1529175401,4
1529177207,4
1529178962,4
1529180757,4
1529182560,4
1529184381,4
1529186233,4
1529187997,4
1529189779,4
1529191562,4
1529193379,4
1529195188,4
1529196985,4
1529198845,4
1529200647,4
1529202387,4
1529204192,4
1529205975,4
1529207783,4
1529209596,4
1529211384,4
1529213154,4
1529214972,4
1529216772,4
1529218557,4
1529220390,4
1529222224,4
1529224056,4
1529225823,4
1529227673,4
1529229450,4
1529231251,4
1529233026,4
1529234896,4
1529236615,4
1529238425,4
1529240244,4
1529242022,4
1529243911,4
1529245596,4
1529247390,4
1529249171,4
1529250976,4
1529252808,4
1529254617,4
1529256431,4
1529258202,4
1529259992,4
1529261810,4
1529263636,5
1529265452,5
1529267214,4
1529268997,4
1529270839,4
1529272613,4
1529274425,4
1529276202,4
1529277980,4
1529279786,4
1529281616,4
1529283423,4
1529285234,4
1529287024,4
1529288802,4
1529290605,5
1529292434,5
1529294207,5
1529296008,5
1529297770,4
1529299603,4
1529301410,4
1529303216,4
1529305036,4
1529306894,5
1529308776,4
1529310474,4
1529312288,4
1529314011,4
1529315951,4
1529317678,4
1529319476,4
1529321272,4
1529323041,5
1529324959,4
1529326722,4
1529328540,4
1529330335,4
1529332142,4
1529333897,4
1529335695,4
1529337417,4
1529339236,4
1529341054,4
1529342878,4
1529344694,5
1529346409,4
1529348173,5
1529349988,4
1529351824,4
1529353647,4
1529355440,4
1529357255,4
1529359047,4
1529360804,4
1529362628,4
1529364445,4
1529366330,4
1529368026,4
1529369887,18
1529371690,24
1529373428,14
1529375217,12
1529377047,12
1529378844,13
1529380608,11
1529382423,10
1529384042,10
1529386033,9
1529387764,8
1529389495,5
1529391365,5
1529393386,5
1529395153,4
1529396968,4
1529398713,4
1529400497,4
1529402351,4
1529404160,4
1529405832,4
1529407537,4
1529409287,4
1529411347,5
1529413256,4
1529414901,5
1529417045,4
1529418583,4
1529421026,4
1529422595,4
1529423857,5
1529425648,4
1529427580,5
1529429500,4
1529431164,4
1529432905,4
1529434684,4
1529436481,4
1529438232,4
1529440267,5
1529441893,4
1529443656,4
1529445447,4
1529447306,4
1529449028,4
1529450866,4
1529452661,4
1529454451,4
1529456212,4
1529458081,5
1529459937,5
1529461681,4
1529463499,4
1529465325,4
1529467040,4
1529468634,4
1529470685,4
1529472436,4
1529474087,4
1529475854,4
1529477873,4
1529479749,4
1529481685,4
1529483492,4
1529484898,4
1529486610,4
1529488435,4
1529490297,4
1529492136,4
1529493894,4
1529495797,5
1529497516,4
1529499356,4
1529501056,5
1529502913,5
1529504690,4
1529506464,15
1529508208,17
1529510108,16
1529512075,12
1529513609,13
1529515415,13
1529517177,12
1529518988,11
1529520768,11
1529522843,12
1529524440,15
1529526330,17
1529528159,19
1529529870,15
1529531692,14
1529533419,16
1529535213,15
1529537068,16
1529538825,15
1529540644,14
1529542437,17
1529544274,18
1529546120,20
1529547908,15
1529549632,13
1529551483,13
1529553202,15
1529555004,14
1529556807,14
1529558845,15
1529560514,12
1529562331,10
1529564051,10
1529565955,9
1529567777,8
1529569437,7
1529571226,7
1529573020,6
1529574838,6
1529576966,5
1529578482,4
1529580368,4
1529582281,4
1529584047,4
1529585978,14
1529587463,25
1529589238,20
1529591182,14
1529592881,15
1529594664,13
1529596619,13
1529598350,16
1529600169,15
1529601864,15
1529603654,16
1529605451,14
1529607584,12
1529609191,11
1529610837,13
1529612711,21
1529614695,20
1529616334,18
1529618156,14
1529619797,12
1529621583,13
1529623439,13
1529625231,11
1529627119,13
1529628818,19
1529630717,18
1529632471,16
1529634430,14
1529636227,15
1529637775,19
1529639602,16
1529641410,13
1529643226,13
1529644964,14
1529646985,14
1529648830,16
1529650740,13
1529652902,12
1529654415,14
1529657970,13
1529659743,13
1529661845,14
1529663274,12
1529665714,13
1529667453,13
1529668965,14
1529670521,14
1529672354,15
1529674232,14
1529675906,16
1529677758,13
1529679766,11
1529683026,12
1529684813,13
1529686607,14
1529688508,11
1529690200,16
1529691978,15
1529693803,11
1529695947,11
1529697370,12
1529699191,11
1529700985,10
1529702938,13
1529704583,10
1529706367,9
1529708165,7
1529710059,6
1529711874,6
1529713610,6
1529715421,5
1529717177,5
1529718777,4
1529720580,4
1529722400,4
1529724167,4
1529725967,4
1529727956,4
1529729575,4
1529731352,4
1529733183,4
1529735006,4
1529736759,4
1529738606,4
1529740399,4
1529742167,4
1529744001,4
1529745772,4
1529747597,4
1529749340,4
1529751213,4
1529752976,4
1529754767,4
1529756649,4
1529758405,3
1529760199,4
1529761979,4
1529763755,4
1529765589,4
1529767431,4
1529769160,4
1529770963,4
1529772765,4
1529774556,4
1529776374,4
1529778158,3
1529779965,4
1529781766,4
1529783577,4
1529785369,4
1529787221,4
1529788955,4
1529790756,4
1529792554,4
1529796158,4
1529798007,5
1529799818,12
1529801612,35
1529803385,18
1529805162,12
1529806943,14
1529808745,13
1529812341,10
1529814148,10
1529815954,9
1529817738,7
1529819552,7
1529821349,7
1529823131,6
1529824975,5
1529826788,4
1529828541,4
1529830351,4
1529832180,4
1529833940,4
1529835730,4
1529837581,4
1529839404,4
1529841148,4
1529842972,4
1529844774,4
1529846575,4
1529848351,3
1529850165,3
1529851961,4
1529853751,4
1529855594,4
1529857359,4
1529859270,4
1529861007,4
1529862760,4
1529864557,4
1529866345,4
1529868156,4
1529869958,4
1529871766,4
1529873594,4
1529875431,4
1529877152,4
1529878935,4
1529880742,4
1529882529,4
1529884337,4
1529886166,4
1529887992,4
1529889806,4
1529891556,4
1529893356,4
1529895138,4
1529896954,4
1529898752,4
1529900541,4
1529902358,4
1529904147,4
1529905966,4
1529907787,4
1529909633,4
1529911490,4
1529913353,4
1529915240,4
1529917045,4
1529918744,4
1529920641,4
1529922397,4
1529924306,15
1529926048,32
1529927896,15
1529929528,13
1529931381,12
1529933111,13
1529934879,13
1529936696,11
1529938561,12
1529940928,14
1529942215,13
1529944102,17
1529945648,14
1529947427,16
1529949543,14
1529951327,13
1529952811,12
1529954619,12
1529956469,15
1529958882,13
1529960297,12
1529961907,13
1529963631,16
1529965489,16
1529967377,15
1529969095,16
1529970847,15
1529972641,13
1529974449,12
1529976283,13
1529978062,14
1529979844,13
1529981619,11
1529983396,10
1529985557,12
1529987395,15
1529988817,20
1529990605,14
1529992468,14
1529994293,13
1529996292,12
1529997966,13
1529999902,13
1530001501,14
1530003277,18
1530005169,20
1530006860,18
1530008731,16
1530010940,16
1530012279,14
1530014101,12
1530015855,15
1530017644,16
1530019409,13
1530021473,12
1530023343,12
1530024927,13
1530026618,13
1530028424,14
1530030220,15
1530032084,19
1530034037,15
1530035657,13
1530037395,12
1530039275,13
1530041064,13
1530042876,12
1530044711,16
1530046650,13
1530048247,13
1530050188,14
1530051828,12
1530053621,13
1530055416,14
1530057215,16
1530059136,12
1530061077,17
1530062839,17
1530064428,15
1530066210,13
1530067988,15
1530069793,19
1530071622,14
1530073543,22
1530075193,15
1530078805,17
1530080637,18
1530082476,15
1530084293,15
1530086101,12
1530087848,13
1530089713,17
1530091591,14
1530093276,11
1530095103,12
1530096978,11
1530098721,20
1530100668,16
1530102402,12
1530104061,12
1530105997,13
1530107799,16
1530109445,19
1530111393,13
1530113055,14
1530115153,12
1530116848,11
1530118473,12
1530120210,17
1530122058,14
1530123835,15
1530125666,16
1530127489,14
1530129265,12
1530131061,12
1530132899,14
1530134716,13
1530136616,14
1530138307,12
1530140064,15
1530141848,13
1530143667,13
1530145497,18
1530147322,21
1530149074,17
1530150823,16
1530152614,15
1530154388,13
1530156217,18
1530158015,13
1530159792,12
1530161620,21
1530163452,16
1530165254,12
1530167085,15
1530168879,17
1530170775,17
1530172615,13
1530174525,12
1530176241,12
1530177938,14
1530179730,13
1530181478,13
1530183581,14
1530185124,16
1530186956,15
1530188748,16
1530190742,16
1530192260,17
1530194082,13
1530195850,12
1530197656,11
1530199475,13
1530201243,14
1530203078,15
1530204934,12
1530206645,15
1530208472,17
1530210257,14
1530212016,14
1530213917,13
1530215687,17
1530217452,16
1530219297,18
1530221228,15
1530222869,13
1530224639,14
1530226475,13
1530228269,15
1530230098,15
1530231888,17
1530233672,18
1530235498,22
1530237267,19
1530239099,19
1530240881,19
1530242630,14
1530244408,14
1530246208,18
1530248027,15
1530249841,16
1530251660,13
1530253517,16
1530255240,15
1530257081,20
1530258916,17
1530260810,16
1530262528,13
1530264295,21
1530266078,25
1530267917,20
1530269801,17
1530271510,14
1530273247,14
1530275211,13
1530277006,13
1530279103,14
1530280536,15
1530282268,18
1530284115,16
1530285882,20
1530287893,15
1530289904,15
1530291250,13
1530293074,14
1530294840,15
1530296678,17
1530298491,12
1530300256,13
1530302051,12
1530303846,11
1530305637,12
1530307419,16
1530309268,13
1530311032,15
1530314611,13
1530316411,14
1530318343,13
1530320033,13
1530321828,14
1530323760,11
1530325513,11
1530327270,13
1530329020,14
1530330901,16
1530332624,14
1530334424,14
1530336194,14
1530338044,12
1530339884,13
1530341616,13
1530343459,16
1530345261,16
1530347099,12
1530348874,14
1530350745,18
1530352430,13
1530354248,16
1530356059,15
1530357872,13
1530359664,15
1530361476,13
1530363305,14
1530365052,13
1530366837,15
1530368626,17
1530370418,14
1530372207,14
1530374075,13
1530375859,12
1530377607,14
1530379420,13
1530381259,14
1530383291,14
1530384858,14
1530386652,18
1530388432,16
1530390328,17
1530393861,14
1530395678,12
1530397434,15
1530399226,13
1530401015,14
1530402835,14
1530404665,13
1530406423,14
1530408229,15
1530410023,15
1530411848,13
1530413628,13
1530415419,13
1530417253,14
1530419027,17
1530420836,13
1530422598,14
1530424459,13
1530426243,12
1530428017,12
1530429852,10
1530435230,8
1530436990,7
1530438834,7
1530440603,6
1530444249,5
1530446050,5
1530447824,4
1530449641,4
1530451421,4
1530453232,4
1530455029,4
1530456832,4
1530458605,4
1530460412,4
1530462203,4
1530463992,4
1530465796,4
1530467635,4
1530469389,4
1530471197,4
1530472992,4
1530474812,4
1530476626,4
1530478411,4
1530480240,4
1530482016,4
1530483812,5
1530485653,4
1530487467,4
1530489279,4
1530491022,4
1530492900,4
1530494665,4
1530496425,4
1530498260,4
1530500154,5
1530501814,4
1530503618,4
1530507244,4
1530509056,4
1530510850,4
1530512675,4
1530514519,4
1530516427,4
1530518121,4
1530519840,4
1530521750,4
1530523564,4
1530525265,4
1530528130,4
1530528973,4
1530530673,10
1530532459,11
1530534832,18
1530536360,27
1530537919,26
1530539706,34
1530541468,42
1530543255,50
1530545564,43
1530547257,38
1530548877,28
1530550472,29
1530552319,32
1530554086,36
1530556146,30
1530557688,33
1530559450,28
1530561289,29
1530563076,26
1530565062,27
1530566732,25
1530568500,15
1530570241,14
1530572049,11
1530573884,13
1530575652,12
1530577905,12
1530579490,15
1530581101,15
1530582889,12
1530584689,12
1530586973,16
1530588422,14
1530590012,13
1530591837,12
1530593640,12
1530595488,13
1530597251,10
1530600985,9
1530602716,9
1530604495,9
1530606285,8
1530609875,7
1530611637,6
1530613513,6
1530617142,11
1530618957,12
1530620789,17
1530622600,27
1530624430,32
1530626169,37
1530627988,34
1530629659,37
1530631437,41
1530633259,41
1530635228,43
1530636854,48
1530638684,40
1530640561,42
1530642337,40
1530644306,41
1530645860,33
1530647679,33
1530650403,31
1530651319,27
1530653057,27
1530654874,28
1530656653,14
1530658435,12
1530660228,11
1530662250,11
1530663856,11
1530665685,11
1530667518,10
1530669376,9
1530671138,6
1530672861,5
1530674705,4
1530676477,5
1530678253,5
1530680080,5
1530681846,4
1530683687,4
1530685499,4
1530687281,4
1530689048,4
1530690972,4
1530692613,4
1530694623,4
1530696305,4
1530698068,4
1530699839,4
1530701702,4
1530703777,4
1530705377,4
1530708208,4
1530709284,4
1530710621,4
1530712586,4
1530714367,5
1530716183,5
1530718001,4
1530719772,5
1530721580,5
1530723306,10
1530725095,10
1530726880,11
1530728841,18
1530730550,19
1530732531,18
1530734181,25
1530735889,38
1530737684,52
1530739474,54
1530741312,54
1530743079,55
1530744866,49
1530746750,46
1530748460,47
1530750275,49
1530752111,49
1530753965,47
1530755689,46
1530757449,43
1530759248,39
1530761047,37
1530762937,33
1530764740,16
1530766520,11
1530768262,10
1530770074,9
1530771941,8
1530777323,6
1530779373,4
1530781103,4
1530782817,4
1530784577,4
1530786388,4
1530788211,8
1530790089,11
1530791758,14
1530793976,15
1530795604,18
1530797157,21
1530798936,41
1530800889,41
1530802881,47
1530804400,50
1530806175,50
1530808040,50
1530809865,49
1530811494,37
1530813245,39
1530815038,38
1530816835,38
1530818725,38
1530820596,38
1530822287,38
1530824106,39
1530825887,41
1530827728,39
1530829495,37
1530831308,36
1530833126,37
1530834951,36
1530836729,39
1530838499,35
1530840307,31
1530842099,20
1530843898,16
1530845654,12
1530847464,11
1530849237,16
1530851027,26
1530852856,37
1530854671,40
1530856724,37
1530858354,37
1530860430,22
1530862113,25
1530863764,21
1530865490,14
1530867423,12
1530869219,11
1530871088,12
1530873009,11
1530874841,11
1530876351,11
1530878192,12
1530879907,17
1530881780,16
1530883511,14
1530885294,12
1530887074,12
1530888843,14
1530890661,13
1530892439,14
1530894320,13
1530896147,12
1530897865,11
1530899733,13
1530901434,16
1530903262,16
1530905266,16
1530906949,17
1530908737,20
1530910459,20
1530912261,16
1530914194,25
1530915886,26
1530917673,17
1530919547,16
1530921285,15
1530923082,17
1530924958,13
1530926668,15
1530928446,13
1530930336,12
1530932072,13
1530933881,14
1530935722,13
1530937490,15
1530941082,15
1530942893,17
1530944669,18
1530946473,13
1530948296,13
1530950085,15
1530951962,13
1530953756,11
1530955569,14
1530957343,13
1530959148,14
1530960887,22
1530962748,13
1530964496,12
1530966324,13
1530968075,12
1530969874,12
1530971704,13
1530973466,13
1530975313,12
1530977042,13
1530978862,15
1530980641,13
1530982430,13
1530984281,13
1530986025,17
1530987857,13
1530989637,12
1530991431,14
1530993251,13
1530995043,12
1530996853,13
1530998647,13
1531000438,13
1531002254,14
1531004034,13
1531005847,12
1531007655,16
1531009452,16
1531011347,13
1531013097,12
1531014879,10
1531016655,9
1531018461,10
1531020231,9
1531022036,12
1531023829,13
1531025621,14
1531027418,16
1531029223,28
1531031091,19
1531032843,18
1531034699,20
1531036498,17
1531038264,14
1531040070,13
1531041875,13
1531043652,13
1531045492,11
1531047263,10
1531049094,9
1531050858,9
1531052674,9
1531054454,8
1531056303,7
1531059842,5
1531061648,5
1531063428,5
1531065250,4
1531067008,4
1531068857,4
1531070661,4
1531072457,4
1531074251,4
1531076074,4
1531077913,4
1531079689,4
1531081462,4
1531083240,4
1531085063,4
1531086882,4
1531088651,4
1531094072,4
1531095829,4
1531097660,4
1531099464,4
1531101226,4
1531103045,4
1531104849,4
1531106704,10
1531108498,11
1531110260,11
1531112064,11
1531113861,17
1531115656,35
1531117515,21
1531119361,13
1531121260,13
1531122964,14
1531124672,18
1531126782,15
1531128357,14
1531130119,14
1531131970,13
1531133732,14
1531135623,13
1531137360,10
1531139155,15
1531140995,17
1531142708,15
1531144496,13
1531146259,13
1531148052,12
1531149856,11
1531151634,11
1531153453,10
1531155242,10
1531157040,10
1531158922,8
1531160683,7
1531162511,6
1531164318,6
1531166136,6
1531167934,5
1531169819,4
1531171487,4
1531173302,4
1531175054,4
1531176887,4
1531178680,4
1531180458,4
1531182329,4
1531184175,4
1531185891,4
1531187679,4
1531189549,5
1531191271,16
1531193067,20
1531194874,22
1531196724,14
1531198486,13
1531200355,13
1531202251,12
1531204030,13
1531205831,13
1531207638,12
1531209414,12
1531211247,15
1531212944,17
1531214764,15
1531216575,17
1531218375,14
1531220225,13
1531221932,13
1531223926,12
1531225666,11
1531227478,12
1531229275,9
1531231033,8
1531233025,7
1531234548,6
1531236325,6
1531238176,5
1531239908,5
1531241692,4
1531243600,4
1531245584,10
1531247094,10
1531248904,10
1531250740,13
1531252527,14
1531254333,15
1531256196,19
1531257914,20
1531259696,24
1531261485,26
1531263267,25
1531265066,32
1531266858,47
1531268857,54
1531270503,55
1531272305,55
1531274074,55
1531275876,53
1531277645,54
1531279490,60
1531281296,61
1531283065,61
1531284872,62
1531286801,63
1531288466,62
1531290346,61
1531292211,60
1531294032,55
1531296027,41
1531297706,40
1531299375,41
1531301170,32
1531303012,7
1531304857,4
1531306783,4
1531308410,4
1531310112,4
1531312089,4
1531313797,4
1531315548,4
1531317327,4
1531319313,4
1531320999,4
1531322749,4
1531324572,4
1531326586,4
1531328102,4
1531329942,4
1531332138,4
1531333635,4
1531335303,4
1531337119,4
1531338996,4
1531340787,4
1531342496,4
1531344352,4
1531346172,4
1531347891,4
1531349739,4
1531351513,4
1531353298,4
1531355263,4
1531356975,4
1531358771,4
1531360553,4
1531362403,10
1531364254,10
1531365984,9
1531367718,10
1531369489,10
1531371311,12
1531373122,20
1531375048,45
1531376842,55
1531378726,61
1531380439,62
1531382342,62
1531383977,63
1531385769,63
1531387622,63
1531389542,61
1531391223,54
1531393201,53
1531394783,34
1531396851,20
1531398443,17
1531400185,19
1531402085,20
1531403773,20
1531405605,21
1531407338,20
1531409111,22
1531410915,22
1531412715,22
1531414590,26
1531416324,27
1531418107,23
1531419917,26
1531421722,30
1531423520,32
1531425302,32
1531427123,32
1531428933,32
1531430714,31
1531432623,34
1531434303,36
1531436095,40
1531437925,47
1531439653,38
1531441539,31
1531443363,30
1531445126,32
1531447154,30
1531448817,33
1531450605,32
1531452299,27
1531454086,16
1531455950,9
1531457710,9
1531459591,8
1531461305,10
1531463179,11
1531464936,10
1531467001,11
1531468595,11
1531470395,10
1531472160,8
1531474063,7
1531475893,7
1531477642,5
1531479410,4
1531481159,4
1531482997,4
1531484851,4
1531486600,4
1531488356,4
1531490209,4
1531492025,4
1531493736,4
1531495878,4
1531497433,4
1531499152,4
1531501067,4
1531502703,4
1531504555,4
1531506429,4
1531508315,4
1531509867,4
1531511677,4
1531513492,4
1531515454,4
1531517100,4
1531518924,4
1531520746,3
1531522491,4
1531524330,4
1531526179,4
1531527950,4
1531529712,4
1531531481,4
1531533365,4
1531535150,4
1531536881,4
1531538672,4
1531540496,4
1531542551,4
1531544119,4
1531545936,4
1531547712,4
1531549522,4
1531551303,4
1531553112,4
1531554954,4
1531556667,4
1531558508,4
1531560408,4
1531562111,4
1531563871,4
1531565687,4
1531567535,4
1531569337,4
1531571419,4
1531572923,4
1531574694,4
1531576510,4
1531578338,4
1531580127,4
1531581939,4
1531583765,4
1531585570,4
1531587294,4
1531589101,4
1531590886,4
1531592815,4
1531594479,4
1531596341,4
1531598085,4
1531599856,4
1531601683,4
1531603484,4
1531605331,4
1531607075,4
1531608891,3
1531610654,4
1531612580,4
1531614330,4
1531616121,4
1531617868,4
1531621546,4
1531623240,4
1531626050,4
1531627136,4
1531628672,9
1531630484,9
1531632231,10
1531635947,10
1531637683,14
1531639533,15
1531641332,23
1531643051,33
1531644858,29
1531646717,25
1531648744,25
1531650256,26
1531652192,21
1531653877,16
1531655662,15
1531657547,18
1531659314,20
1531661082,19
1531662934,23
1531664710,25
1531666441,21
1531670066,29
1531671918,31
1531673697,32
1531675460,31
1531677327,31
1531679219,36
1531682689,37
1531684503,36
1531686295,33
1531688085,36
1531689920,38
1531691686,37
1531693449,36
1531695292,37
1531697084,37
1531698874,37
1531700733,28
1531702517,25
1531704300,30
1531706119,35
1531707950,35
1531710835,33
1531711568,32
1531713275,31
1531715178,26
1531718178,35
1531718739,38
1531720580,43
1531722378,49
1531724176,50
1531726080,49
1531727949,53
1531729554,55
1531732457,61
1531733634,67
1531735079,64
1531736845,55
1531738608,50
1531740388,40
1531742200,29
1531743996,27
1531747044,26
1531747634,27
1531749325,26
1531751134,26
1531752945,27
1531754745,26
1531756557,20
1531758401,19
1531760153,23
1531761962,22
1531763759,19
1531765546,19
1531767315,20
1531769136,24
1531770994,25
1531772791,27
1531774564,30
1531776388,35
1531778159,38
1531780116,42
1531781826,43
1531783487,37
1531785385,36
1531787161,37
1531788979,41
1531790776,32
1531792540,30
1531794371,21
1531796230,19
1531797907,14
1531799699,16
1531801603,20
1531803347,20
1531808761,29
1531814161,36
1531877422,27
1531895346,35
1531896983,38
1531898843,43
1531900570,42
1531902318,43
1531904174,43
1531906004,42
1531907868,34
1531909822,35
1531911424,31
1531913192,32
1531915364,30
1531917140,23
1531918806,20
1531920372,22
1531922363,24
1531924003,24
1531925740,21
1531927624,24
1531929573,25
1531931260,26
1531932914,24
1531934692,28
1531936530,29
1531938383,33
1531940061,35
1531942049,42
1531943709,47
1531945537,43
1531947374,41
1531949256,41
1531950945,41
1531952731,46
1531954583,50
1531956301,49
1531958143,50
1531959979,48
1531961789,50
1531963619,42
1531965440,42
1531969047,44
1531970737,43
1531972522,39
1531974310,32
1531976106,35
1531977996,31
1531979788,29
1531981536,26
1531983365,24
1531985279,25
1531987179,24
1531988871,29
1531990529,33
1531992347,36
1531994132,46
1531997881,48
1531999751,47
1532003325,35
1532004993,26
1532006885,30
1532008925,30
1532010342,31
1532012184,30
1532013979,31
1532017568,29
1532019472,28
1532021131,28
1532023046,31
1532024756,25
1532026471,26
1532028508,24
1532030263,21
1532031956,23
1532033812,26
1532035721,28
1532037374,27
1532039229,31
1532041002,30
1532042760,31
1532044517,31
1532046304,26
1532048196,26
1532049922,26
1532051714,25
1532053579,27
1532055318,33
1532057089,32
1532058880,39
1532060765,41
1532062508,41
1532064452,41
1532066200,38
1532067990,37
1532069720,37
1532071604,37
1532073419,36
1532075192,31
1532077066,33
1532078794,30
1532080658,31
1532082385,27
1532084210,27
1532086063,26
1532087739,25
1532089594,27
1532091356,22
1532093130,19
1532094944,24
1532096722,27
1532098594,27
1532100338,26
1532102107,26
1532103908,25
1532105732,26
1532107597,31
1532109292,31
1532111168,32
1532112949,37
1532114694,37
1532116518,33
1532118285,33
1532120116,31
1532121969,31
1532123694,35
1532125526,31
1532127335,27
1532129104,27
1532130925,29
1532132703,32
1532134590,33
1532136331,27
1532138128,22
1532139966,21
1532141716,21
1532143493,22
1532145285,21
1532147172,24
1532148875,26
1532150703,28
1532152536,31
1532154297,31
1532156116,36
1532157922,34
1532159802,42
1532161486,44
1532163301,43
1532165124,42
1532166899,42
1532168724,42
1532170633,39
1532172316,32
1532174130,27
1532175927,25
1532177727,26
1532179582,31
1532181293,32
1532183175,31
1532184915,27
1532186690,21
1532188536,25
1532190329,30
1532192130,32
1532194044,27
1532195727,29
1532197522,31
1532199295,30
1532201127,28
1532202911,31
1532204727,34
1532206646,37
1532208388,34
1532211892,34
1532213730,32
1532215478,33
1532217338,33
1532219191,32
1532220968,32
1532222786,36
1532224527,38
1532226363,43
1532228113,47
1532229869,47
1532231754,45
1532233507,43
1532235282,42
1532237075,45
1532238894,45
1532240693,42
1532242500,37
1532244406,26
1532246109,24
1532247918,24
1532249708,21
1532251501,20
1532253380,17
1532255116,12
1532257032,13
1532258700,12
1532260502,11
1532262293,14
1532264080,11
1532265884,10
1532267673,7
1532269518,6
1532271303,5
1532273117,5
1532274891,4
1532276691,4
1532278476,4
1532280267,4
1532282181,4
1532283890,4
1532285676,4
1532287494,4
1532289291,4
1532291109,4
1532292915,4
1532294772,4
1532296494,4
1532298291,4
1532300107,4
1532301884,4
1532303734,4
1532305509,4
1532307428,4
1532309153,4
1532310924,4
1532312792,4
1532314530,4
1532318133,9
1532320020,9
1532321716,9
1532323996,9
1532325355,9
1532327107,9
1532329006,9
1532331182,29
1532332635,42
1532334395,48
1532336138,50
1532337926,53
1532339710,58
1532341562,64
1532343449,70
1532345196,72
1532346991,72
1532348784,70
1532350595,69
1532352398,66
1532354127,58
1532356021,52
1532357783,50
1532361345,47
1532364927,45
1532366718,38
1532368606,34
1532372150,15
1532373949,20
1532375769,20
1532377542,20
1532379445,20
1532381139,20
1532382923,20
1532384693,20
1532386512,20
1532388418,20
1532390119,21
1532391992,29
1532393819,31
1532395514,31
1532397323,38
1532399210,48
1532400911,52
1532402734,54
1532404601,51
1532406445,48
1532408141,50
1532409957,51
1532411782,55
1532413700,51
1532415477,43
1532417653,42
1532419049,42
1532420841,42
1532422688,41
1532428013,16
1532429795,11
1532431721,10
1532433479,8
1532435546,7
1532437280,7
1532439073,6
1532440602,6
1532442328,6
1532444401,7
1532446025,6
1532447727,9
1532449568,11
1532451426,10
1532453174,9
1532455043,9
1532456780,10
1532458579,10
1532460450,17
1532462411,26
1532463986,31
1532465791,40
1532467679,43
1532469502,43
1532471220,42
1532473193,41
1532474777,37
1532476584,36
1532478376,36
1532480209,30
1532482107,29
1532483797,24
1532485657,22
1532487409,22
1532489242,25
1532491049,25
1532492847,26
1532494556,26
1532496352,25
1532498242,26
1532500085,22
1532502106,20
1532504108,10
1532505445,9
1532507336,13
1532511114,7
1532512873,7
1532514492,7
1532516337,8
1532518536,8
1532520115,9
1532521688,9
1532523480,8
1532525458,8
1532529108,7
1532530657,7
1532532397,5
1532534210,4
1532536045,4
1532539745,4
1532541437,4
1532543228,4
1532544984,4
1532547119,4
1532548744,4
1532552206,5
1532553975,4
1532555789,4
1532557598,10
1532559436,9
1532561211,9
1532562997,9
1532564790,9
1532566641,9
1532568573,9
1532570488,19
1532571985,28
1532573847,36
1532575533,36
1532577330,48
1532579241,56
1532580955,55
1532584611,61
1532586333,64
1532588144,59
1532590020,57
1532591820,52
1532595867,45
1532597372,35
1532599147,27
1532601126,26
1532602716,24
1532604405,25
1532606245,26
1532608069,26
1532609981,29
1532611925,25
1532613485,15
1532615239,13
1532617056,16
1532618789,21
1532620578,24
1532622420,26
1532624191,27
1532626188,16
1532628052,13
1532629681,15
1532631403,13
1532633220,13
1532634974,10
1532636800,9
1532638614,8
1532642227,8
1532643999,8
